Time (%),Total Time (ns),Instances,Avg (ns),Med (ns),Min (ns),Max (ns),StdDev (ns),Name
46.3,11391359835,14756,771981.6,421120.0,65248,2456037,626446.5,"void mul_mat_q<(ggml_type)2, (int)128, (bool)0>(const char *, const int *, const int *, const int *, float *, float *, const float *, uint3, int, int, int, int, int, uint3, uint3, int, int, int, uint3, uint3, int, int, int, uint3)"
39.4,9690829902,5504,1760688.6,2123876.0,134721,3525414,653683.4,"void flash_attn_ext_f16<(int)128, (int)128, (int)16, (int)4, (bool)0, (bool)0>(const char *, const char *, const char *, const char *, const char *, const int *, float *, float2 *, float2 *, float, float, float, float, unsigned int, float, int, uint3, int, int, int, int, int, int, int, int, int, int, int, long, int, int, long, int, int, int, int, int, long)"
2.2,547879211,11008,49771.0,48928.0,1600,86592,25248.1,"void dequantize_block_q8_0_f16<(bool)0>(const void *, __half *, long)"
2.0,480931957,2108,228146.1,227105.0,215680,270177,5547.3,"void unary_gated_op_kernel<&op_silu, float>(const T2 *, const T2 *, T2 *, long, long, long, long)"
1.9,465397231,4928,94439.4,101760.0,45888,142145,14171.3,"void flash_attn_combine_results<(int)128>(const float *, const float2 *, float *, float *, float2 *, const float *, int, bool)"
1.7,421453335,272,1549460.8,1559940.0,929411,2160837,139196.9,"void mul_mat_q<(ggml_type)3, (int)128, (bool)0>(const char *, const int *, const int *, const int *, float *, float *, const float *, uint3, int, int, int, int, int, uint3, uint3, int, int, int, uint3, uint3, int, int, int, uint3)"
1.7,414020333,15028,27549.9,17760.0,8672,96320,19400.1,"void quantize_mmq_q8_1<(mmq_q8_1_ds_layout)1, (bool)0>(const float *, const int *, void *, long, long, long, long, long, int, int, int)"
0.8,203363288,4320,47074.8,47616.0,4576,74624,5289.4,"void rms_norm_f32<(int)1024, (bool)1, (bool)0>(const float *, float *, int, long, long, long, float, const float *, long, long, long, uint3, uint3, uint3, uint3, const float *, long, long, long, uint3, uint3, uint3, uint3)"
0.8,188352373,4352,43279.5,35312.0,10336,85696,25503.7,"void rope_norm<(bool)1, (bool)1, float, float>(const T3 *, T4 *, int, int, int, int, int, int, int, int, int, int, int, const int *, float, float, float, rope_corr_dims, float, const float *, const long *, int, bool)"
0.7,183427427,4352,42147.8,42368.0,23680,66048,3264.7,"void k_set_rows_quant<long, block_q8_0, (int)32, &quantize_f32_q8_0_block>(const float *, const T1 *, T2 *, long, long, long, long, long, long, long, long, long, long, long, long, long, long, uint3, uint3, uint3, uint3, uint3)"
0.7,179170655,4234,42317.1,43312.5,1536,56832,5212.0,"void k_bin_bcast<&op_add, float, float, float, const float *>(const T2 *, const T3 *, T4 *, unsigned int, unsigned int, unsigned int, uint3, uint3, uint3, uint3, uint3, unsigned int, unsigned int, unsigned int, unsigned int, unsigned int, unsigned int, unsigned int, unsigned int, unsigned int, unsigned int, unsigned int, T5...)"
0.6,141010331,10540,13378.6,12224.0,6752,25056,3069.0,"void mul_mat_q_stream_k_fixup<(ggml_type)2, (int)128, (bool)0>(const int *, const int *, float *, float *, uint3, int, int, int, uint3, int, uint3, int, uint3)"
0.6,139010094,5504,25256.2,25408.0,11648,39200,2150.2,"void flash_attn_stream_k_fixup_general<(int)128, (int)16, (int)4>(float *, const float2 *, float2 *, int, int, int, int, uint3, uint3, uint3, uint3)"
0.3,68627646,4352,15769.2,11712.0,3776,37152,8983.4,"void fwht_cuda<(int)64>(const float *, float *, long, float)"
0.2,58940284,4352,13543.3,10416.0,3232,33600,7492.0,"void fwht_cuda<(int)128>(const float *, float *, long, float)"
0.1,22064398,18,1225799.9,1223842.5,1189507,1261698,24569.7,"void mul_mat_vec_q<(ggml_type)14, (int)1, (bool)0, (bool)0, (bool)0>(const void *, const void *, const int *, ggml_cuda_mm_fusion_args_device, float *, unsigned int, uint3, unsigned int, unsigned int, unsigned int, uint3, unsigned int, unsigned int, unsigned int, uint3, unsigned int, unsigned int, unsigned int, unsigned int)"
0.0,5406156,36,150171.0,147120.0,96896,203425,50219.5,"void mul_mat_vec_q<(ggml_type)2, (int)1, (bool)1, (bool)0, (bool)0>(const void *, const void *, const int *, ggml_cuda_mm_fusion_args_device, float *, unsigned int, uint3, unsigned int, unsigned int, unsigned int, uint3, unsigned int, unsigned int, unsigned int, uint3, unsigned int, unsigned int, unsigned int, unsigned int)"
0.0,5231014,272,19231.7,19360.0,14464,22721,1020.4,"void mul_mat_q_stream_k_fixup<(ggml_type)3, (int)128, (bool)0>(const int *, const int *, float *, float *, uint3, int, int, int, uint3, int, uint3, int, uint3)"
0.0,240384,54,4451.6,5376.0,1440,6944,2061.2,"quantize_q8_1(const float *, void *, long, long, long, long, long, unsigned int, uint3)"
0.0,98464,36,2735.1,2592.0,1728,3296,398.7,"void k_get_rows_float<float, float>(const T1 *, const int *, T2 *, long, long, uint3, unsigned long, unsigned long, unsigned long, unsigned long, unsigned long, unsigned long, unsigned long, unsigned long, unsigned long)"
