timestamp, pstate, clocks.current.sm [MHz], clocks.current.memory [MHz], temperature.gpu, power.draw [W], clocks_event_reasons.active
2026/09/18 15:56:32.415, P8, 180 MHz, 405 MHz, 46, 3.58 W, 0x0000000000000000
2026/09/18 15:56:33.427, P8, 180 MHz, 405 MHz, 46, 3.64 W, 0x0000000000000000
2026/09/18 15:56:34.428, P8, 180 MHz, 405 MHz, 46, 3.61 W, 0x0000000000000000
2026/09/18 15:56:35.428, P8, 172 MHz, 405 MHz, 46, 3.68 W, 0x0000000000000000
2026/09/18 15:56:36.428, P8, 180 MHz, 405 MHz, 46, 3.69 W, 0x0000000000000000
2026/09/18 15:56:37.429, P8, 180 MHz, 405 MHz, 46, 3.69 W, 0x0000000000000000
2026/09/18 15:56:38.429, P8, 180 MHz, 405 MHz, 46, 3.66 W, 0x0000000000000000
2026/09/18 15:56:39.429, P8, 180 MHz, 405 MHz, 46, 3.62 W, 0x0000000000000000
2026/09/18 15:56:40.429, P8, 180 MHz, 405 MHz, 46, 3.63 W, 0x0000000000000000
2026/09/18 15:56:41.430, P8, 172 MHz, 405 MHz, 46, 3.62 W, 0x0000000000000000
2026/09/18 15:56:42.431, P8, 180 MHz, 405 MHz, 46, 3.61 W, 0x0000000000000000
2026/09/18 15:56:43.432, P8, 180 MHz, 405 MHz, 46, 3.61 W, 0x0000000000000000
2026/09/18 15:56:44.433, P8, 180 MHz, 405 MHz, 46, 3.60 W, 0x0000000000000000
2026/09/18 15:56:45.433, P8, 180 MHz, 405 MHz, 46, 3.61 W, 0x0000000000000000
2026/09/18 15:56:46.434, P8, 180 MHz, 405 MHz, 46, 3.61 W, 0x0000000000000000
2026/09/18 15:56:47.434, P8, 180 MHz, 405 MHz, 46, 3.58 W, 0x0000000000000000
2026/09/18 15:56:48.434, P8, 180 MHz, 405 MHz, 46, 3.62 W, 0x0000000000000000
2026/09/18 15:56:49.434, P8, 180 MHz, 405 MHz, 46, 3.74 W, 0x0000000000000000
2026/09/18 15:56:50.434, P8, 180 MHz, 405 MHz, 46, 3.70 W, 0x0000000000000000
2026/09/18 15:56:51.435, P8, 180 MHz, 405 MHz, 46, 3.66 W, 0x0000000000000000
2026/09/18 15:56:52.436, P8, 180 MHz, 405 MHz, 46, 3.62 W, 0x0000000000000000
2026/09/18 15:56:53.437, P8, 180 MHz, 405 MHz, 46, 3.62 W, 0x0000000000000000
2026/09/18 15:56:54.438, P8, 180 MHz, 405 MHz, 46, 3.61 W, 0x0000000000000000
2026/09/18 15:56:55.439, P8, 172 MHz, 405 MHz, 46, 3.61 W, 0x0000000000000000
2026/09/18 15:56:56.439, P8, 180 MHz, 405 MHz, 46, 3.61 W, 0x0000000000000000
2026/09/18 15:56:57.439, P8, 180 MHz, 405 MHz, 46, 3.66 W, 0x0000000000000000
2026/09/18 15:56:58.439, P8, 180 MHz, 405 MHz, 46, 3.63 W, 0x0000000000000000
2026/09/18 15:56:59.439, P8, 180 MHz, 405 MHz, 46, 3.63 W, 0x0000000000000000
2026/09/18 15:57:00.440, P0, 397 MHz, 12001 MHz, 47, 10.11 W, 0x0000000000000000
2026/09/18 15:57:01.440, P0, 2557 MHz, 12001 MHz, 64, 75.96 W, 0x0000000000000004
2026/09/18 15:57:02.440, P0, 2535 MHz, 12001 MHz, 64, 114.53 W, 0x0000000000000004
2026/09/18 15:57:03.440, P0, 2512 MHz, 12001 MHz, 64, 113.44 W, 0x0000000000000004
2026/09/18 15:57:04.441, P0, 2482 MHz, 12001 MHz, 65, 114.50 W, 0x0000000000000004
2026/09/18 15:57:05.441, P0, 2535 MHz, 12001 MHz, 65, 114.42 W, 0x0000000000000004
2026/09/18 15:57:06.441, P0, 2617 MHz, 12001 MHz, 65, 114.53 W, 0x0000000000000004
2026/09/18 15:57:07.441, P0, 2632 MHz, 12001 MHz, 66, 114.58 W, 0x0000000000000004
2026/09/18 15:57:08.441, P0, 2760 MHz, 12001 MHz, 68, 70.69 W, 0x0000000000000000
2026/09/18 15:57:09.442, P0, 2752 MHz, 12001 MHz, 68, 110.11 W, 0x0000000000000000
2026/09/18 15:57:10.442, P0, 2497 MHz, 12001 MHz, 57, 91.43 W, 0x0000000000000000
2026/09/18 15:57:11.442, P0, 1455 MHz, 12001 MHz, 56, 17.25 W, 0x0000000000000000
2026/09/18 15:57:12.442, P0, 2572 MHz, 12001 MHz, 71, 101.08 W, 0x0000000000000004
2026/09/18 15:57:13.443, P0, 2550 MHz, 12001 MHz, 71, 112.63 W, 0x0000000000000004
2026/09/18 15:57:14.443, P0, 2520 MHz, 12001 MHz, 70, 113.39 W, 0x0000000000000004
2026/09/18 15:57:15.443, P0, 2497 MHz, 12001 MHz, 70, 113.71 W, 0x0000000000000004
2026/09/18 15:57:16.443, P0, 2542 MHz, 12001 MHz, 70, 113.85 W, 0x0000000000000004
2026/09/18 15:57:17.443, P0, 2617 MHz, 12001 MHz, 70, 113.83 W, 0x0000000000000004
2026/09/18 15:57:18.444, P0, 2632 MHz, 12001 MHz, 61, 104.98 W, 0x0000000000000000
2026/09/18 15:57:19.444, P0, 2745 MHz, 12001 MHz, 74, 73.41 W, 0x0000000000000004
2026/09/18 15:57:20.444, P0, 2722 MHz, 12001 MHz, 62, 101.38 W, 0x0000000000000000
2026/09/18 15:57:21.444, P0, 1695 MHz, 12001 MHz, 61, 85.19 W, 0x0000000000000000
2026/09/18 15:57:22.445, P0, 1417 MHz, 12001 MHz, 60, 16.61 W, 0x0000000000000000
2026/09/18 15:57:23.445, P4, 180 MHz, 9001 MHz, 58, 9.71 W, 0x0000000000000000
2026/09/18 15:57:24.445, P4, 180 MHz, 9001 MHz, 58, 8.42 W, 0x0000000000000000
2026/09/18 15:57:25.445, P4, 180 MHz, 9001 MHz, 57, 7.82 W, 0x0000000000000000
2026/09/18 15:57:26.446, P4, 180 MHz, 9001 MHz, 57, 7.76 W, 0x0000000000000004
2026/09/18 15:57:27.447, P5, 180 MHz, 9001 MHz, 56, 7.71 W, 0x0000000000000000
2026/09/18 15:57:28.448, P5, 180 MHz, 810 MHz, 56, 6.55 W, 0x0000000000000000
2026/09/18 15:57:29.449, P8, 180 MHz, 405 MHz, 55, 4.25 W, 0x0000000000000000
2026/09/18 15:57:30.450, P8, 180 MHz, 405 MHz, 55, 4.16 W, 0x0000000000000000
2026/09/18 15:57:31.450, P8, 180 MHz, 405 MHz, 54, 4.17 W, 0x0000000000000000
2026/09/18 15:57:32.450, P8, 180 MHz, 405 MHz, 54, 4.11 W, 0x0000000000000000
2026/09/18 15:57:33.450, P8, 180 MHz, 405 MHz, 54, 4.08 W, 0x0000000000000000
2026/09/18 15:57:34.451, P8, 180 MHz, 405 MHz, 54, 4.07 W, 0x0000000000000000
2026/09/18 15:57:35.451, P8, 180 MHz, 405 MHz, 54, 4.16 W, 0x0000000000000000
2026/09/18 15:57:36.451, P8, 180 MHz, 405 MHz, 53, 4.11 W, 0x0000000000000000
2026/09/18 15:57:37.452, P8, 180 MHz, 405 MHz, 53, 4.04 W, 0x0000000000000000
2026/09/18 15:57:38.452, P8, 180 MHz, 405 MHz, 53, 4.01 W, 0x0000000000000000
2026/09/18 15:57:39.453, P8, 180 MHz, 405 MHz, 52, 4.00 W, 0x0000000000000000
2026/09/18 15:57:40.454, P8, 180 MHz, 405 MHz, 52, 3.99 W, 0x0000000000000000
2026/09/18 15:57:41.455, P8, 180 MHz, 405 MHz, 52, 3.97 W, 0x0000000000000000
2026/09/18 15:57:42.455, P8, 180 MHz, 405 MHz, 52, 3.94 W, 0x0000000000000000
2026/09/18 15:57:43.455, P8, 180 MHz, 405 MHz, 52, 3.93 W, 0x0000000000000000
2026/09/18 15:57:44.455, P8, 180 MHz, 405 MHz, 51, 3.91 W, 0x0000000000000000
2026/09/18 15:57:45.456, P8, 180 MHz, 405 MHz, 51, 3.94 W, 0x0000000000000000
2026/09/18 15:57:46.456, P0, 195 MHz, 12001 MHz, 52, 11.13 W, 0x0000000000000000
2026/09/18 15:57:47.456, P0, 2550 MHz, 12001 MHz, 69, 71.78 W, 0x0000000000000004
2026/09/18 15:57:48.456, P0, 2512 MHz, 12001 MHz, 69, 114.64 W, 0x0000000000000004
2026/09/18 15:57:49.456, P0, 2482 MHz, 12001 MHz, 70, 113.81 W, 0x0000000000000004
2026/09/18 15:57:50.457, P0, 2452 MHz, 12001 MHz, 69, 113.81 W, 0x0000000000000004
2026/09/18 15:57:51.457, P0, 2497 MHz, 12001 MHz, 69, 114.57 W, 0x0000000000000004
2026/09/18 15:57:52.457, P0, 2587 MHz, 12001 MHz, 70, 114.12 W, 0x0000000000000004
2026/09/18 15:57:53.457, P0, 2602 MHz, 12001 MHz, 70, 114.43 W, 0x0000000000000004
2026/09/18 15:57:54.458, P0, 2610 MHz, 12001 MHz, 71, 66.45 W, 0x0000000000000000
2026/09/18 15:57:55.458, P0, 2745 MHz, 12001 MHz, 72, 112.16 W, 0x0000000000000004
2026/09/18 15:57:56.458, P0, 2752 MHz, 12001 MHz, 62, 100.97 W, 0x0000000000000000
2026/09/18 15:57:57.458, P0, 1462 MHz, 12001 MHz, 59, 16.84 W, 0x0000000000000000
2026/09/18 15:57:58.458, P0, 2565 MHz, 12001 MHz, 74, 82.70 W, 0x0000000000000004
2026/09/18 15:57:59.459, P0, 2527 MHz, 12001 MHz, 75, 113.39 W, 0x0000000000000004
2026/09/18 15:58:00.459, P0, 2497 MHz, 12001 MHz, 74, 114.50 W, 0x0000000000000004
2026/09/18 15:58:01.459, P0, 2467 MHz, 12001 MHz, 74, 113.62 W, 0x0000000000000004
2026/09/18 15:58:02.459, P0, 2520 MHz, 12001 MHz, 72, 114.17 W, 0x0000000000000004
2026/09/18 15:58:03.459, P0, 2580 MHz, 12001 MHz, 74, 114.25 W, 0x0000000000000004
2026/09/18 15:58:04.460, P0, 2602 MHz, 12001 MHz, 74, 114.19 W, 0x0000000000000004
2026/09/18 15:58:05.460, P0, 2760 MHz, 12001 MHz, 75, 64.37 W, 0x0000000000000000
2026/09/18 15:58:06.460, P0, 2730 MHz, 12001 MHz, 76, 113.02 W, 0x0000000000000004
2026/09/18 15:58:07.460, P0, 2542 MHz, 12001 MHz, 65, 95.89 W, 0x0000000000000000
2026/09/18 15:58:08.461, P0, 1425 MHz, 12001 MHz, 62, 17.42 W, 0x0000000000000000
2026/09/18 15:58:09.462, P4, 1417 MHz, 9001 MHz, 61, 10.62 W, 0x0000000000000000
2026/09/18 15:58:10.462, P4, 180 MHz, 9001 MHz, 60, 8.72 W, 0x0000000000000000
2026/09/18 15:58:11.462, P4, 180 MHz, 9001 MHz, 59, 8.26 W, 0x0000000000000004
2026/09/18 15:58:12.463, P4, 180 MHz, 9001 MHz, 58, 7.94 W, 0x0000000000000004
2026/09/18 15:58:13.464, P4, 180 MHz, 9001 MHz, 58, 7.89 W, 0x0000000000000004
2026/09/18 15:58:14.465, P5, 180 MHz, 9001 MHz, 58, 7.88 W, 0x0000000000000000
2026/09/18 15:58:15.466, P8, 180 MHz, 810 MHz, 57, 6.64 W, 0x0000000000000004
2026/09/18 15:58:16.467, P8, 180 MHz, 405 MHz, 56, 4.31 W, 0x0000000000000000
2026/09/18 15:58:17.468, P8, 180 MHz, 405 MHz, 56, 4.24 W, 0x0000000000000000
2026/09/18 15:58:18.468, P8, 172 MHz, 405 MHz, 55, 4.25 W, 0x0000000000000000
2026/09/18 15:58:19.469, P8, 180 MHz, 405 MHz, 55, 4.14 W, 0x0000000000000000
2026/09/18 15:58:20.470, P8, 180 MHz, 405 MHz, 55, 4.15 W, 0x0000000000000000
2026/09/18 15:58:21.471, P8, 180 MHz, 405 MHz, 54, 4.13 W, 0x0000000000000000
2026/09/18 15:58:22.472, P8, 180 MHz, 405 MHz, 54, 4.10 W, 0x0000000000000000
2026/09/18 15:58:23.473, P8, 180 MHz, 405 MHz, 53, 4.13 W, 0x0000000000000000
2026/09/18 15:58:24.474, P8, 180 MHz, 405 MHz, 53, 4.09 W, 0x0000000000000000
2026/09/18 15:58:25.475, P8, 180 MHz, 405 MHz, 53, 4.04 W, 0x0000000000000000
2026/09/18 15:58:26.476, P8, 180 MHz, 405 MHz, 53, 4.03 W, 0x0000000000000000
2026/09/18 15:58:27.477, P8, 180 MHz, 405 MHz, 52, 3.97 W, 0x0000000000000000
2026/09/18 15:58:28.478, P8, 180 MHz, 405 MHz, 52, 3.97 W, 0x0000000000000000
2026/09/18 15:58:29.479, P8, 180 MHz, 405 MHz, 52, 3.98 W, 0x0000000000000000
2026/09/18 15:58:30.480, P8, 180 MHz, 405 MHz, 51, 3.96 W, 0x0000000000000000
2026/09/18 15:58:31.481, P8, 180 MHz, 405 MHz, 51, 3.91 W, 0x0000000000000000
2026/09/18 15:58:32.482, P8, 180 MHz, 405 MHz, 51, 3.90 W, 0x0000000000000000
2026/09/18 15:58:33.483, P8, 180 MHz, 405 MHz, 51, 3.88 W, 0x0000000000000000
2026/09/18 15:58:34.483, P8, 180 MHz, 405 MHz, 51, 3.89 W, 0x0000000000000000
2026/09/18 15:58:35.484, P8, 180 MHz, 405 MHz, 50, 3.88 W, 0x0000000000000000
2026/09/18 15:58:36.485, P8, 180 MHz, 405 MHz, 50, 3.85 W, 0x0000000000000000
2026/09/18 15:58:37.486, P8, 180 MHz, 405 MHz, 50, 3.85 W, 0x0000000000000000
2026/09/18 15:58:38.486, P8, 180 MHz, 405 MHz, 50, 3.84 W, 0x0000000000000000
2026/09/18 15:58:39.487, P8, 180 MHz, 405 MHz, 50, 3.81 W, 0x0000000000000000
2026/09/18 15:58:40.488, P8, 180 MHz, 405 MHz, 49, 3.82 W, 0x0000000000000000
2026/09/18 15:58:41.488, P8, 180 MHz, 405 MHz, 49, 3.81 W, 0x0000000000000000
2026/09/18 15:58:42.489, P8, 180 MHz, 405 MHz, 49, 3.80 W, 0x0000000000000000
2026/09/18 15:58:43.490, P8, 180 MHz, 405 MHz, 49, 3.78 W, 0x0000000000000000
2026/09/18 15:58:44.491, P8, 180 MHz, 405 MHz, 49, 3.77 W, 0x0000000000000000
2026/09/18 15:58:45.492, P8, 180 MHz, 405 MHz, 49, 3.77 W, 0x0000000000000000
2026/09/18 15:58:46.493, P8, 180 MHz, 405 MHz, 49, 3.77 W, 0x0000000000000000
2026/09/18 15:58:47.505, P8, 180 MHz, 405 MHz, 48, 3.77 W, 0x0000000000000000
2026/09/18 15:58:48.505, P8, 180 MHz, 405 MHz, 48, 3.73 W, 0x0000000000000000
2026/09/18 15:58:49.505, P8, 180 MHz, 405 MHz, 48, 3.75 W, 0x0000000000000000
2026/09/18 15:58:50.506, P8, 180 MHz, 405 MHz, 48, 3.70 W, 0x0000000000000000
2026/09/18 15:58:51.507, P8, 180 MHz, 405 MHz, 48, 3.68 W, 0x0000000000000000
2026/09/18 15:58:52.519, P8, 180 MHz, 405 MHz, 48, 3.68 W, 0x0000000000000000
2026/09/18 15:58:53.519, P8, 180 MHz, 405 MHz, 48, 3.68 W, 0x0000000000000000
2026/09/18 15:58:54.520, P8, 180 MHz, 405 MHz, 47, 3.69 W, 0x0000000000000000
2026/09/18 15:58:55.521, P8, 180 MHz, 405 MHz, 47, 3.66 W, 0x0000000000000000
2026/09/18 15:58:56.522, P8, 180 MHz, 405 MHz, 47, 3.67 W, 0x0000000000000000
2026/09/18 15:58:57.522, P8, 180 MHz, 405 MHz, 47, 3.67 W, 0x0000000000000000
2026/09/18 15:58:58.523, P8, 180 MHz, 405 MHz, 47, 3.66 W, 0x0000000000000000
2026/09/18 15:58:59.524, P8, 180 MHz, 405 MHz, 47, 3.64 W, 0x0000000000000000
2026/09/18 15:59:00.525, P8, 180 MHz, 405 MHz, 47, 3.63 W, 0x0000000000000000
2026/09/18 15:59:01.526, P8, 180 MHz, 405 MHz, 47, 3.61 W, 0x0000000000000000
2026/09/18 15:59:02.527, P8, 180 MHz, 405 MHz, 47, 3.62 W, 0x0000000000000000
2026/09/18 15:59:03.527, P8, 180 MHz, 405 MHz, 46, 3.64 W, 0x0000000000000000
2026/09/18 15:59:04.528, P8, 180 MHz, 405 MHz, 46, 3.63 W, 0x0000000000000000
2026/09/18 15:59:05.529, P8, 180 MHz, 405 MHz, 46, 3.63 W, 0x0000000000000000
2026/09/18 15:59:06.530, P8, 180 MHz, 405 MHz, 46, 3.62 W, 0x0000000000000000
2026/09/18 15:59:07.531, P8, 180 MHz, 405 MHz, 46, 3.60 W, 0x0000000000000000
2026/09/18 15:59:08.532, P8, 180 MHz, 405 MHz, 46, 3.58 W, 0x0000000000000000
2026/09/18 15:59:09.532, P8, 180 MHz, 405 MHz, 46, 3.59 W, 0x0000000000000000
2026/09/18 15:59:10.533, P8, 180 MHz, 405 MHz, 46, 3.59 W, 0x0000000000000000
2026/09/18 15:59:11.534, P8, 180 MHz, 405 MHz, 46, 3.58 W, 0x0000000000000000
2026/09/18 15:59:12.535, P8, 180 MHz, 405 MHz, 46, 3.59 W, 0x0000000000000000
2026/09/18 15:59:13.536, P8, 180 MHz, 405 MHz, 46, 3.58 W, 0x0000000000000000
2026/09/18 15:59:14.537, P8, 180 MHz, 405 MHz, 46, 3.58 W, 0x0000000000000000
2026/09/18 15:59:15.538, P8, 180 MHz, 405 MHz, 45, 3.59 W, 0x0000000000000000
2026/09/18 15:59:16.538, P8, 180 MHz, 405 MHz, 45, 3.55 W, 0x0000000000000000
2026/09/18 15:59:17.539, P8, 180 MHz, 405 MHz, 45, 3.57 W, 0x0000000000000000
2026/09/18 15:59:18.549, P8, 180 MHz, 405 MHz, 45, 3.60 W, 0x0000000000000000
2026/09/18 15:59:19.550, P8, 180 MHz, 405 MHz, 45, 3.57 W, 0x0000000000000000
2026/09/18 15:59:20.550, P8, 180 MHz, 405 MHz, 45, 3.54 W, 0x0000000000000000
2026/09/18 15:59:21.551, P8, 180 MHz, 405 MHz, 45, 3.54 W, 0x0000000000000000
2026/09/18 15:59:22.552, P8, 180 MHz, 405 MHz, 45, 3.54 W, 0x0000000000000000
2026/09/18 15:59:23.552, P8, 180 MHz, 405 MHz, 45, 3.55 W, 0x0000000000000000
2026/09/18 15:59:24.553, P8, 180 MHz, 405 MHz, 45, 3.55 W, 0x0000000000000000
2026/09/18 15:59:25.553, P8, 180 MHz, 405 MHz, 45, 3.55 W, 0x0000000000000000
2026/09/18 15:59:26.554, P8, 180 MHz, 405 MHz, 45, 3.54 W, 0x0000000000000000
2026/09/18 15:59:27.554, P8, 180 MHz, 405 MHz, 45, 3.54 W, 0x0000000000000000
2026/09/18 15:59:28.555, P8, 180 MHz, 405 MHz, 45, 3.53 W, 0x0000000000000000
2026/09/18 15:59:29.555, P8, 180 MHz, 405 MHz, 45, 3.54 W, 0x0000000000000000
2026/09/18 15:59:30.556, P8, 180 MHz, 405 MHz, 45, 3.55 W, 0x0000000000000000
2026/09/18 15:59:31.556, P8, 180 MHz, 405 MHz, 44, 3.55 W, 0x0000000000000000
2026/09/18 15:59:32.556, P8, 180 MHz, 405 MHz, 44, 3.54 W, 0x0000000000000000
2026/09/18 15:59:33.558, P8, 180 MHz, 405 MHz, 44, 3.52 W, 0x0000000000000000
2026/09/18 15:59:34.558, P8, 180 MHz, 405 MHz, 44, 3.54 W, 0x0000000000000000
2026/09/18 15:59:35.559, P8, 180 MHz, 405 MHz, 44, 3.52 W, 0x0000000000000000
2026/09/18 15:59:36.560, P8, 180 MHz, 405 MHz, 44, 3.51 W, 0x0000000000000000
2026/09/18 15:59:37.560, P8, 180 MHz, 405 MHz, 44, 3.49 W, 0x0000000000000000
2026/09/18 15:59:38.561, P8, 180 MHz, 405 MHz, 44, 3.49 W, 0x0000000000000000
2026/09/18 15:59:39.562, P8, 180 MHz, 405 MHz, 44, 3.51 W, 0x0000000000000000
2026/09/18 15:59:40.563, P8, 180 MHz, 405 MHz, 44, 3.50 W, 0x0000000000000000
2026/09/18 15:59:41.567, P8, 180 MHz, 405 MHz, 44, 3.50 W, 0x0000000000000000
2026/09/18 15:59:42.567, P8, 180 MHz, 405 MHz, 44, 3.50 W, 0x0000000000000000
2026/09/18 15:59:43.568, P8, 180 MHz, 405 MHz, 44, 3.48 W, 0x0000000000000000
2026/09/18 15:59:44.569, P8, 180 MHz, 405 MHz, 44, 3.49 W, 0x0000000000000000
2026/09/18 15:59:45.569, P8, 180 MHz, 405 MHz, 44, 3.49 W, 0x0000000000000000
2026/09/18 15:59:46.570, P8, 180 MHz, 405 MHz, 44, 3.49 W, 0x0000000000000000
2026/09/18 15:59:47.571, P8, 180 MHz, 405 MHz, 44, 3.49 W, 0x0000000000000000
2026/09/18 15:59:48.572, P8, 180 MHz, 405 MHz, 43, 3.49 W, 0x0000000000000000
2026/09/18 15:59:49.573, P8, 180 MHz, 405 MHz, 43, 3.52 W, 0x0000000000000000
2026/09/18 15:59:50.574, P8, 172 MHz, 405 MHz, 43, 3.51 W, 0x0000000000000000
2026/09/18 15:59:51.575, P8, 180 MHz, 405 MHz, 43, 3.49 W, 0x0000000000000000
2026/09/18 15:59:52.576, P8, 180 MHz, 405 MHz, 43, 3.48 W, 0x0000000000000000
2026/09/18 15:59:53.577, P8, 180 MHz, 405 MHz, 43, 3.49 W, 0x0000000000000000
2026/09/18 15:59:54.578, P8, 180 MHz, 405 MHz, 43, 3.49 W, 0x0000000000000000
2026/09/18 15:59:55.579, P8, 180 MHz, 405 MHz, 43, 3.48 W, 0x0000000000000000
2026/09/18 15:59:56.580, P8, 180 MHz, 405 MHz, 43, 3.48 W, 0x0000000000000000
2026/09/18 15:59:57.581, P8, 180 MHz, 405 MHz, 43, 3.47 W, 0x0000000000000000
2026/09/18 15:59:58.582, P8, 180 MHz, 405 MHz, 43, 3.47 W, 0x0000000000000000
2026/09/18 15:59:59.583, P8, 180 MHz, 405 MHz, 43, 3.46 W, 0x0000000000000000
2026/09/18 16:00:00.584, P8, 180 MHz, 405 MHz, 43, 3.45 W, 0x0000000000000000
2026/09/18 16:00:01.585, P8, 180 MHz, 405 MHz, 43, 3.45 W, 0x0000000000000000
2026/09/18 16:00:02.586, P8, 180 MHz, 405 MHz, 43, 3.46 W, 0x0000000000000000
2026/09/18 16:00:03.587, P8, 180 MHz, 405 MHz, 43, 3.47 W, 0x0000000000000000
2026/09/18 16:00:04.587, P8, 172 MHz, 405 MHz, 43, 3.47 W, 0x0000000000000000
2026/09/18 16:00:05.588, P8, 180 MHz, 405 MHz, 43, 3.46 W, 0x0000000000000000
2026/09/18 16:00:06.589, P8, 180 MHz, 405 MHz, 43, 3.45 W, 0x0000000000000000
2026/09/18 16:00:07.590, P8, 180 MHz, 405 MHz, 43, 3.44 W, 0x0000000000000000
2026/09/18 16:00:08.591, P8, 180 MHz, 405 MHz, 43, 3.44 W, 0x0000000000000000
2026/09/18 16:00:09.592, P8, 180 MHz, 405 MHz, 43, 3.44 W, 0x0000000000000000
2026/09/18 16:00:10.592, P8, 180 MHz, 405 MHz, 42, 3.44 W, 0x0000000000000000
2026/09/18 16:00:11.593, P8, 180 MHz, 405 MHz, 42, 3.47 W, 0x0000000000000000
2026/09/18 16:00:12.594, P8, 180 MHz, 405 MHz, 42, 3.45 W, 0x0000000000000000
2026/09/18 16:00:13.596, P8, 180 MHz, 405 MHz, 42, 3.43 W, 0x0000000000000000
2026/09/18 16:00:14.596, P8, 180 MHz, 405 MHz, 42, 3.43 W, 0x0000000000000000
2026/09/18 16:00:15.598, P8, 180 MHz, 405 MHz, 42, 3.44 W, 0x0000000000000000
2026/09/18 16:00:16.598, P8, 180 MHz, 405 MHz, 42, 3.43 W, 0x0000000000000000
2026/09/18 16:00:17.599, P8, 180 MHz, 405 MHz, 42, 3.44 W, 0x0000000000000000
2026/09/18 16:00:18.600, P8, 180 MHz, 405 MHz, 42, 3.44 W, 0x0000000000000000
2026/09/18 16:00:19.601, P8, 180 MHz, 405 MHz, 42, 3.43 W, 0x0000000000000000
2026/09/18 16:00:20.602, P8, 180 MHz, 405 MHz, 42, 3.44 W, 0x0000000000000000
2026/09/18 16:00:21.603, P8, 180 MHz, 405 MHz, 42, 3.41 W, 0x0000000000000000
